SET NAMES utf8mb4;
SET FOREIGN_KEY_CHECKS=0;
SET SQL_MODE='NO_AUTO_VALUE_ON_ZERO';

DROP TABLE IF EXISTS `cours`;
DROP TABLE IF EXISTS `equipements`;
DROP TABLE IF EXISTS `etudiants`;
DROP TABLE IF EXISTS `notifications`;
DROP TABLE IF EXISTS `reservations`;
DROP TABLE IF EXISTS `signalements`;
DROP TABLE IF EXISTS `creneaux`;
DROP TABLE IF EXISTS `matieres`;
DROP TABLE IF EXISTS `salles`;
DROP TABLE IF EXISTS `classes_pedago`;
DROP TABLE IF EXISTS `batiments`;
DROP TABLE IF EXISTS `utilisateurs`;

CREATE TABLE `utilisateurs` (
  `id` int NOT NULL AUTO_INCREMENT,
  `nom` text NOT NULL,
  `prenom` text NOT NULL,
  `email` varchar(255) NOT NULL,
  `mot_de_passe` text NOT NULL,
  `role` text NOT NULL,
  PRIMARY KEY (`id`),
  UNIQUE KEY `email` (`email`)
) ENGINE=InnoDB AUTO_INCREMENT=370 DEFAULT CHARSET=utf8mb4 COLLATE=utf8mb4_0900_ai_ci;

INSERT INTO `utilisateurs` VALUES (1,'Diallo','Moussa','moussa.diallo@univ-thies.sn','admin123','ADMIN'),(18,'Kane','Mansour','m.kane@univ-thies.sn','admin1','ADMIN'),(19,'Gueye','Mamadou','m.gueye@univ-thies.sn','gest1','GESTIONNAIRE'),(20,'Goudiaby','Boubacar','b.goudiaby@univ-thies.sn','gest2','GESTIONNAIRE'),(21,'Diallo','Moussa','m.diallo@univ-thies.sn','gest3','GESTIONNAIRE'),(22,'Mendy','Pape','p.mendy@univ-thies.sn','gest4','GESTIONNAIRE'),(23,'Ndoye','Idrissa','i.ndoye@univ-thies.sn','gest5','GESTIONNAIRE'),(24,'Kouyate','Daouda','d.kouyate@univ-thies.sn','ens1','ENSEIGNANT'),(25,'Diop','Yacine','y.diop@univ-thies.sn','ens2','ENSEIGNANT'),(26,'Goudiaby','Assane','a.goudiaby@univ-thies.sn','ens3','ENSEIGNANT'),(27,'Diouf','Khady','k.diouf@univ-thies.sn','ens4','ENSEIGNANT'),(28,'Traore','Tidiane','t.traore@univ-thies.sn','ens5','ENSEIGNANT'),(29,'Manga','Ousmane','o.manga@univ-thies.sn','ens6','ENSEIGNANT'),(30,'Badji','Modou','m.badji@univ-thies.sn','ens7','ENSEIGNANT'),(31,'Ndiaye','Yacine','y.ndiaye@univ-thies.sn','ens8','ENSEIGNANT'),(32,'Sarr','Dieynaba','d.sarr@univ-thies.sn','ens9','ENSEIGNANT'),(33,'Tamba','Aissatou','a.tamba@univ-thies.sn','ens10','ENSEIGNANT'),(34,'Sidibe','Seynabou','s.sidibe@univ-thies.sn','ens11','ENSEIGNANT'),(35,'Ndoye','Mareme','m.ndoye@univ-thies.sn','ens12','ENSEIGNANT'),(36,'Sy','Ibrahima','i.sy@univ-thies.sn','ens13','ENSEIGNANT'),(37,'Sy','Aissatou','a.sy@univ-thies.sn','ens14','ENSEIGNANT'),(38,'Kane','Lamine','l.kane@univ-thies.sn','ens15','ENSEIGNANT'),(39,'Diatta','Sokhna','s.diatta@univ-thies.sn','ens16','ENSEIGNANT'),(40,'Kane','Abdoulaye','a.kane@univ-thies.sn','ens17','ENSEIGNANT'),(41,'Cisse','Alioune','a.cisse@univ-thies.sn','ens18','ENSEIGNANT'),(42,'Sabaly','Souleymane','s.sabaly@univ-thies.sn','ens19','ENSEIGNANT'),(43,'Tamba','Khady','k.tamba@univ-thies.sn','ens20','ENSEIGNANT'),(44,'Konate','Bamba','b.konate@univ-thies.sn','ens21','ENSEIGNANT'),(45,'Ndiaye','Pape','p.ndiaye@univ-thies.sn','ens22','ENSEIGNANT'),(46,'Kane','Yaye','y.kane@univ-thies.sn','ens23','ENSEIGNANT'),(47,'Fofana','Abdoulaye','a.fofana@univ-thies.sn','ens24','ENSEIGNANT'),(48,'Sambou','Rokhaya','r.sambou@univ-thies.sn','ens25','ENSEIGNANT'),(49,'Sabaly','Kadiatou','k.sabaly@univ-thies.sn','ens26','ENSEIGNANT'),(50,'Faye','Serigne','s.faye@univ-thies.sn','ens27','ENSEIGNANT'),(51,'Tamba','Mansour','m.tamba@univ-thies.sn','ens28','ENSEIGNANT'),(52,'Kouyate','Bineta','b.kouyate@univ-thies.sn','ens29','ENSEIGNANT'),(53,'Kouyate','Kadiatou','k.kouyate@univ-thies.sn','ens30','ENSEIGNANT'),(54,'Faye','Binta','b.faye@univ-thies.sn','pass1','ETUDIANT'),(55,'Sow','Aissatou','a.sow@univ-thies.sn','pass2','ETUDIANT'),(56,'Cisse','Mamadou','m.cisse@univ-thies.sn','pass3','ETUDIANT'),(57,'Mbaye','Fatoumata','f.mbaye@univ-thies.sn','pass4','ETUDIANT'),(58,'Ba','Yaye','y.ba@univ-thies.sn','pass5','ETUDIANT'),(59,'Deme','Oumou','o.deme@univ-thies.sn','pass6','ETUDIANT'),(60,'Sarr','Bamba','b.sarr@univ-thies.sn','pass7','ETUDIANT'),(61,'Traore','Nabou','n.traore@univ-thies.sn','pass8','ETUDIANT'),(62,'Goudiaby','Seydou','s.goudiaby@univ-thies.sn','pass9','ETUDIANT'),(63,'Diop','Daouda','d.diop@univ-thies.sn','pass10','ETUDIANT'),(64,'Ba','Oumou','o.ba@univ-thies.sn','pass11','ETUDIANT'),(65,'Toure','Fallou','f.toure@univ-thies.sn','pass12','ETUDIANT'),(66,'Diatta','Mamadou','m.diatta@univ-thies.sn','pass13','ETUDIANT'),(67,'Diouf','Idrissa','i.diouf@univ-thies.sn','pass14','ETUDIANT'),(68,'Konate','Alioune','a.konate@univ-thies.sn','pass15','ETUDIANT'),(69,'Sarr','Fatou','f.sarr@univ-thies.sn','pass16','ETUDIANT'),(70,'Toure','Kadiatou','k.toure@univ-thies.sn','pass17','ETUDIANT'),(71,'Mbodj','Ibrahima','i.mbodj@univ-thies.sn','pass18','ETUDIANT'),(72,'Sambou','Ousmane','o.sambou@univ-thies.sn','pass19','ETUDIANT'),(73,'Lo','Tidiane','t.lo@univ-thies.sn','pass20','ETUDIANT'),(74,'Tendeng','Mamadou','m.tendeng@univ-thies.sn','pass21','ETUDIANT'),(75,'Diouf','Serigne','s.diouf@univ-thies.sn','pass22','ETUDIANT'),(76,'Lo','Rokhaya','r.lo@univ-thies.sn','pass23','ETUDIANT'),(77,'Toure','Assane','a.toure@univ-thies.sn','pass24','ETUDIANT'),(78,'Diatta','Dior','d.diatta@univ-thies.sn','pass25','ETUDIANT'),(79,'Diouf','Kadiatou','k.diouf1@univ-thies.sn','pass26','ETUDIANT'),(80,'Mbodj','Mariama','m.mbodj@univ-thies.sn','pass27','ETUDIANT'),(81,'Traore','Ousmane','o.traore@univ-thies.sn','pass28','ETUDIANT'),(82,'Tamba','Boubacar','b.tamba@univ-thies.sn','pass29','ETUDIANT'),(83,'Sy','Boubacar','b.sy@univ-thies.sn','pass30','ETUDIANT'),(84,'Sow','Ousmane','o.sow@univ-thies.sn','pass31','ETUDIANT'),(85,'Ndiaye','Ousmane','o.ndiaye@univ-thies.sn','pass32','ETUDIANT'),(86,'Mendy','Aissatou','a.mendy@univ-thies.sn','pass33','ETUDIANT'),(87,'Sambou','Serigne','s.sambou@univ-thies.sn','pass34','ETUDIANT'),(88,'Faye','Idrissa','i.faye@univ-thies.sn','pass35','ETUDIANT'),(89,'Tendeng','Binta','b.tendeng@univ-thies.sn','pass36','ETUDIANT'),(90,'Gueye','Rokhaya','r.gueye@univ-thies.sn','pass37','ETUDIANT'),(91,'Goudiaby','Bamba','b.goudiaby1@univ-thies.sn','pass38','ETUDIANT'),(92,'Sane','Soda','s.sane@univ-thies.sn','pass39','ETUDIANT'),(93,'Sow','Ramatoulaye','r.sow@univ-thies.sn','pass40','ETUDIANT'),(94,'Bassene','Ibrahima','i.bassene@univ-thies.sn','pass41','ETUDIANT'),(95,'Gueye','Yacine','y.gueye@univ-thies.sn','pass42','ETUDIANT'),(96,'Ndoye','Abdoulaye','a.ndoye@univ-thies.sn','pass43','ETUDIANT'),(97,'Goudiaby','Ndeye','n.goudiaby@univ-thies.sn','pass44','ETUDIANT'),(98,'Sabaly','Serigne','s.sabaly1@univ-thies.sn','pass45','ETUDIANT'),(99,'Mbaye','Fallou','f.mbaye1@univ-thies.sn','pass46','ETUDIANT'),(100,'Tamba','Yacine','y.tamba@univ-thies.sn','pass47','ETUDIANT'),(101,'Lo','Ibrahima','i.lo@univ-thies.sn','pass48','ETUDIANT'),(102,'Mbodj','Ousmane','o.mbodj@univ-thies.sn','pass49','ETUDIANT'),(103,'Sambou','Thierno','t.sambou@univ-thies.sn','pass50','ETUDIANT'),(104,'Bassene','Rokhaya','r.bassene@univ-thies.sn','pass51','ETUDIANT'),(105,'Manga','Souleymane','s.manga@univ-thies.sn','pass52','ETUDIANT'),(106,'Deme','Lamine','l.deme@univ-thies.sn','pass53','ETUDIANT'),(107,'Goudiaby','Adja','a.goudiaby1@univ-thies.sn','pass54','ETUDIANT'),(108,'Ndoye','Ndeye','n.ndoye@univ-thies.sn','pass55','ETUDIANT'),(109,'Sow','Rokhaya','r.sow1@univ-thies.sn','pass56','ETUDIANT'),(110,'Konate','Mansour','m.konate@univ-thies.sn','pass57','ETUDIANT'),(111,'Kouyate','Ibrahima','i.kouyate@univ-thies.sn','pass58','ETUDIANT'),(112,'Diouf','Oumou','o.diouf@univ-thies.sn','pass59','ETUDIANT'),(113,'Mendy','Ibrahima','i.mendy@univ-thies.sn','pass60','ETUDIANT'),(114,'Ba','Fallou','f.ba@univ-thies.sn','pass61','ETUDIANT'),(115,'Mbaye','Alioune','a.mbaye@univ-thies.sn','pass62','ETUDIANT'),(116,'Sarr','Lamine','l.sarr@univ-thies.sn','pass63','ETUDIANT'),(117,'Ba','Boubacar','b.ba@univ-thies.sn','pass64','ETUDIANT'),(118,'Diallo','Alioune','a.diallo@univ-thies.sn','pass65','ETUDIANT'),(119,'Kouyate','Dior','d.kouyate1@univ-thies.sn','pass66','ETUDIANT'),(120,'Deme','Maimouna','m.deme@univ-thies.sn','pass67','ETUDIANT'),(121,'Deme','Pape','p.deme@univ-thies.sn','pass68','ETUDIANT'),(122,'Toure','Ndeye','n.toure@univ-thies.sn','pass69','ETUDIANT'),(123,'Mbaye','Diarra','d.mbaye@univ-thies.sn','pass70','ETUDIANT'),(124,'Sidibe','Daouda','d.sidibe@univ-thies.sn','pass71','ETUDIANT'),(125,'Lo','Ousmane','o.lo@univ-thies.sn','pass72','ETUDIANT'),(126,'Deme','Malick','m.deme1@univ-thies.sn','pass73','ETUDIANT'),(127,'Badji','Gora','g.badji@univ-thies.sn','pass74','ETUDIANT'),(128,'Mbodj','Birame','b.mbodj@univ-thies.sn','pass75','ETUDIANT'),(129,'Cisse','Adja','a.cisse1@univ-thies.sn','pass76','ETUDIANT'),(130,'Lo','Seynabou','s.lo@univ-thies.sn','pass77','ETUDIANT'),(131,'Diouf','Fatoumata','f.diouf@univ-thies.sn','pass78','ETUDIANT'),(132,'Tamba','Bamba','b.tamba1@univ-thies.sn','pass79','ETUDIANT'),(133,'Gueye','Maimouna','m.gueye1@univ-thies.sn','pass80','ETUDIANT'),(134,'Sarr','Serigne','s.sarr@univ-thies.sn','pass81','ETUDIANT'),(135,'Kane','Mamadou','m.kane1@univ-thies.sn','pass82','ETUDIANT'),(136,'Thiaw','Fatoumata','f.thiaw@univ-thies.sn','pass83','ETUDIANT'),(137,'Deme','Rokhaya','r.deme@univ-thies.sn','pass84','ETUDIANT'),(138,'Sow','Khady','k.sow@univ-thies.sn','pass85','ETUDIANT'),(139,'Goudiaby','Samba','s.goudiaby1@univ-thies.sn','pass86','ETUDIANT'),(140,'Diop','Aminata','a.diop@univ-thies.sn','pass87','ETUDIANT'),(141,'Faye','Nabou','n.faye@univ-thies.sn','pass88','ETUDIANT'),(142,'Bodian','Coumba','c.bodian@univ-thies.sn','pass89','ETUDIANT'),(143,'Diop','Dieynaba','d.diop1@univ-thies.sn','pass90','ETUDIANT'),(144,'Diouf','Ousmane','o.diouf1@univ-thies.sn','pass91','ETUDIANT'),(145,'Diatta','Ndongo','n.diatta@univ-thies.sn','pass92','ETUDIANT'),(146,'Faye','Thierno','t.faye@univ-thies.sn','pass93','ETUDIANT'),(147,'Diatta','Seydou','s.diatta1@univ-thies.sn','pass94','ETUDIANT'),(148,'Badji','Birame','b.badji@univ-thies.sn','pass95','ETUDIANT'),(149,'Mbodj','Bamba','b.mbodj1@univ-thies.sn','pass96','ETUDIANT'),(150,'Tamba','Modou','m.tamba1@univ-thies.sn','pass97','ETUDIANT'),(151,'Mbodj','Maimouna','m.mbodj1@univ-thies.sn','pass98','ETUDIANT'),(152,'Ba','Momar','m.ba@univ-thies.sn','pass99','ETUDIANT'),(153,'Ba','Fatou','f.ba1@univ-thies.sn','pass100','ETUDIANT'),(154,'Sane','Yacine','y.sane@univ-thies.sn','pass101','ETUDIANT'),(155,'Cisse','Serigne','s.cisse@univ-thies.sn','pass102','ETUDIANT'),(156,'Ndiaye','Lamine','l.ndiaye@univ-thies.sn','pass103','ETUDIANT'),(157,'Ndoye','Binta','b.ndoye@univ-thies.sn','pass104','ETUDIANT'),(158,'Toure','Astou','a.toure1@univ-thies.sn','pass105','ETUDIANT'),(159,'Fall','Pape','p.fall@univ-thies.sn','pass106','ETUDIANT'),(160,'Traore','Lamine','l.traore@univ-thies.sn','pass107','ETUDIANT'),(161,'Mbaye','Ramatoulaye','r.mbaye@univ-thies.sn','pass108','ETUDIANT'),(162,'Mendy','Astou','a.mendy1@univ-thies.sn','pass109','ETUDIANT'),(163,'Lo','Dior','d.lo@univ-thies.sn','pass110','ETUDIANT'),(164,'Deme','Kadiatou','k.deme@univ-thies.sn','pass111','ETUDIANT'),(165,'Deme','Boubacar','b.deme@univ-thies.sn','pass112','ETUDIANT'),(166,'Ba','Cheikh','c.ba@univ-thies.sn','pass113','ETUDIANT'),(167,'Konate','Astou','a.konate1@univ-thies.sn','pass114','ETUDIANT'),(168,'Mendy','Fatoumata','f.mendy@univ-thies.sn','pass115','ETUDIANT'),(169,'Fofana','Lamine','l.fofana@univ-thies.sn','pass116','ETUDIANT'),(170,'Ndiaye','Serigne','s.ndiaye@univ-thies.sn','pass117','ETUDIANT'),(171,'Diouf','Fatou','f.diouf1@univ-thies.sn','pass118','ETUDIANT'),(172,'Goudiaby','Modou','m.goudiaby@univ-thies.sn','pass119','ETUDIANT'),(173,'Traore','Bamba','b.traore@univ-thies.sn','pass120','ETUDIANT'),(174,'Sarr','Dior','d.sarr1@univ-thies.sn','pass121','ETUDIANT'),(175,'Toure','Oumou','o.toure@univ-thies.sn','pass122','ETUDIANT'),(176,'Bassene','Diarra','d.bassene@univ-thies.sn','pass123','ETUDIANT'),(177,'Faye','Dieynaba','d.faye@univ-thies.sn','pass124','ETUDIANT'),(178,'Manga','Thierno','t.manga@univ-thies.sn','pass125','ETUDIANT'),(179,'Fofana','Alioune','a.fofana1@univ-thies.sn','pass126','ETUDIANT'),(180,'Tamba','Yaye','y.tamba1@univ-thies.sn','pass127','ETUDIANT'),(181,'Camara','Seydou','s.camara@univ-thies.sn','pass128','ETUDIANT'),(182,'Kouyate','Thierno','t.kouyate@univ-thies.sn','pass129','ETUDIANT'),(183,'Bodian','Rama','r.bodian@univ-thies.sn','pass130','ETUDIANT'),(184,'Thiaw','Dior','d.thiaw@univ-thies.sn','pass131','ETUDIANT'),(185,'Cisse','Yacine','y.cisse@univ-thies.sn','pass132','ETUDIANT'),(186,'Mendy','Seydou','s.mendy@univ-thies.sn','pass133','ETUDIANT'),(187,'Mbodj','Aissatou','a.mbodj@univ-thies.sn','pass134','ETUDIANT'),(188,'Fall','Ndeye','n.fall@univ-thies.sn','pass135','ETUDIANT'),(189,'Tendeng','Pape','p.tendeng@univ-thies.sn','pass136','ETUDIANT'),(190,'Sane','Daouda','d.sane@univ-thies.sn','pass137','ETUDIANT'),(191,'Manga','Assane','a.manga@univ-thies.sn','pass138','ETUDIANT'),(192,'Mbodj','Yaye','y.mbodj@univ-thies.sn','pass139','ETUDIANT'),(193,'Diop','Samba','s.diop@univ-thies.sn','pass140','ETUDIANT'),(194,'Goudiaby','Tidiane','t.goudiaby@univ-thies.sn','pass141','ETUDIANT'),(195,'Diouf','Souleymane','s.diouf1@univ-thies.sn','pass142','ETUDIANT'),(196,'Tamba','Aminata','a.tamba1@univ-thies.sn','pass143','ETUDIANT'),(197,'Sarr','Gora','g.sarr@univ-thies.sn','pass144','ETUDIANT'),(198,'Sabaly','Ndeye','n.sabaly@univ-thies.sn','pass145','ETUDIANT'),(199,'Bodian','Nabou','n.bodian@univ-thies.sn','pass146','ETUDIANT'),(200,'Tamba','Seynabou','s.tamba@univ-thies.sn','pass147','ETUDIANT'),(201,'Cisse','Kadiatou','k.cisse@univ-thies.sn','pass148','ETUDIANT'),(202,'Deme','Rama','r.deme1@univ-thies.sn','pass149','ETUDIANT'),(203,'Kane','Ndongo','n.kane@univ-thies.sn','pass150','ETUDIANT'),(204,'Mbodj','Sokhna','s.mbodj@univ-thies.sn','pass151','ETUDIANT'),(205,'Mbaye','Rama','r.mbaye1@univ-thies.sn','pass152','ETUDIANT'),(206,'Kane','Binta','b.kane@univ-thies.sn','pass153','ETUDIANT'),(207,'Lo','Diarra','d.lo1@univ-thies.sn','pass154','ETUDIANT'),(208,'Diouf','Mamadou','m.diouf@univ-thies.sn','pass155','ETUDIANT'),(209,'Diouf','Lamine','l.diouf@univ-thies.sn','pass156','ETUDIANT'),(210,'Sane','Ousmane','o.sane@univ-thies.sn','pass157','ETUDIANT'),(211,'Sane','Rama','r.sane@univ-thies.sn','pass158','ETUDIANT'),(212,'Sane','Abdoulaye','a.sane@univ-thies.sn','pass159','ETUDIANT'),(213,'Fall','Awa','a.fall@univ-thies.sn','pass160','ETUDIANT'),(214,'Diop','Mame','m.diop@univ-thies.sn','pass161','ETUDIANT'),(215,'Manga','Adja','a.manga1@univ-thies.sn','pass162','ETUDIANT'),(216,'Lo','Dieynaba','d.lo2@univ-thies.sn','pass163','ETUDIANT'),(217,'Sy','Aliou','a.sy1@univ-thies.sn','pass164','ETUDIANT'),(218,'Sambou','Soda','s.sambou1@univ-thies.sn','pass165','ETUDIANT'),(219,'Bassene','Bamba','b.bassene@univ-thies.sn','pass166','ETUDIANT'),(220,'Sabaly','Ndongo','n.sabaly1@univ-thies.sn','pass167','ETUDIANT'),(221,'Lo','Alioune','a.lo@univ-thies.sn','pass168','ETUDIANT'),(222,'Bassene','Gora','g.bassene@univ-thies.sn','pass169','ETUDIANT'),(223,'Goudiaby','Ousmane','o.goudiaby@univ-thies.sn','pass170','ETUDIANT'),(224,'Sabaly','Fallou','f.sabaly@univ-thies.sn','pass171','ETUDIANT'),(225,'Deme','Ibrahima','i.deme@univ-thies.sn','pass172','ETUDIANT'),(226,'Thiaw','Diarra','d.thiaw1@univ-thies.sn','pass173','ETUDIANT'),(227,'Traore','Diarra','d.traore@univ-thies.sn','pass174','ETUDIANT'),(228,'Sane','Khady','k.sane@univ-thies.sn','pass175','ETUDIANT'),(229,'Diallo','Seynabou','s.diallo@univ-thies.sn','pass176','ETUDIANT'),(230,'Lo','Fatou','f.lo@univ-thies.sn','pass177','ETUDIANT'),(231,'Sy','Modou','m.sy@univ-thies.sn','pass178','ETUDIANT'),(232,'Ndiaye','Tidiane','t.ndiaye@univ-thies.sn','pass179','ETUDIANT'),(233,'Ndoye','Pape','p.ndoye@univ-thies.sn','pass180','ETUDIANT'),(234,'Diouf','Alioune','a.diouf@univ-thies.sn','pass181','ETUDIANT'),(235,'Thiaw','Boubacar','b.thiaw@univ-thies.sn','pass182','ETUDIANT'),(236,'Deme','Awa','a.deme@univ-thies.sn','pass183','ETUDIANT'),(237,'Ba','Coumba','c.ba1@univ-thies.sn','pass184','ETUDIANT'),(238,'Cisse','Tidiane','t.cisse@univ-thies.sn','pass185','ETUDIANT'),(239,'Kouyate','Mariama','m.kouyate@univ-thies.sn','pass186','ETUDIANT'),(240,'Toure','Gora','g.toure@univ-thies.sn','pass187','ETUDIANT'),(241,'Ndoye','Yaye','y.ndoye@univ-thies.sn','pass188','ETUDIANT'),(242,'Mbodj','Boubacar','b.mbodj2@univ-thies.sn','pass189','ETUDIANT'),(243,'Ba','Fallou','f.ba2@univ-thies.sn','pass190','ETUDIANT'),(244,'Fofana','Momar','m.fofana@univ-thies.sn','pass191','ETUDIANT'),(245,'Lo','Modou','m.lo@univ-thies.sn','pass192','ETUDIANT'),(246,'Traore','Sokhna','s.traore@univ-thies.sn','pass193','ETUDIANT'),(247,'Sane','Fallou','f.sane@univ-thies.sn','pass194','ETUDIANT'),(248,'Goudiaby','Mariama','m.goudiaby1@univ-thies.sn','pass195','ETUDIANT'),(249,'Sabaly','Sokhna','s.sabaly2@univ-thies.sn','pass196','ETUDIANT'),(250,'Ba','Thierno','t.ba@univ-thies.sn','pass197','ETUDIANT'),(251,'Lo','Fatoumata','f.lo1@univ-thies.sn','pass198','ETUDIANT'),(252,'Goudiaby','Rama','r.goudiaby@univ-thies.sn','pass199','ETUDIANT'),(253,'Mbodj','Diarra','d.mbodj@univ-thies.sn','pass200','ETUDIANT'),(254,'Bodian','Serigne','s.bodian@univ-thies.sn','pass201','ETUDIANT'),(255,'Sabaly','Tidiane','t.sabaly@univ-thies.sn','pass202','ETUDIANT'),(256,'Fall','Diarra','d.fall@univ-thies.sn','pass203','ETUDIANT'),(257,'Konate','Ramatoulaye','r.konate@univ-thies.sn','pass204','ETUDIANT'),(258,'Thiaw','Aliou','a.thiaw@univ-thies.sn','pass205','ETUDIANT'),(259,'Deme','Yacine','y.deme@univ-thies.sn','pass206','ETUDIANT'),(260,'Ba','Khady','k.ba@univ-thies.sn','pass207','ETUDIANT'),(261,'Ndoye','Oumou','o.ndoye@univ-thies.sn','pass208','ETUDIANT'),(262,'Sane','Pape','p.sane@univ-thies.sn','pass209','ETUDIANT'),(263,'Mbodj','Dieynaba','d.mbodj1@univ-thies.sn','pass210','ETUDIANT'),(264,'Sambou','Sokhna','s.sambou2@univ-thies.sn','pass211','ETUDIANT'),(265,'Fall','Yacine','y.fall@univ-thies.sn','pass212','ETUDIANT'),(266,'Sy','Seydou','s.sy@univ-thies.sn','pass213','ETUDIANT'),(267,'Mbodj','Awa','a.mbodj1@univ-thies.sn','pass214','ETUDIANT'),(268,'Tendeng','Astou','a.tendeng@univ-thies.sn','pass215','ETUDIANT'),(269,'Tamba','Soda','s.tamba1@univ-thies.sn','pass216','ETUDIANT'),(270,'Sabaly','Astou','a.sabaly@univ-thies.sn','pass217','ETUDIANT'),(271,'Deme','Adja','a.deme1@univ-thies.sn','pass218','ETUDIANT'),(272,'Ndoye','Cheikh','c.ndoye@univ-thies.sn','pass219','ETUDIANT'),(273,'Lo','Mariama','m.lo1@univ-thies.sn','pass220','ETUDIANT'),(274,'Thiaw','Abdoulaye','a.thiaw1@univ-thies.sn','pass221','ETUDIANT'),(275,'Kouyate','Khady','k.kouyate1@univ-thies.sn','pass222','ETUDIANT'),(276,'Ndoye','Mariama','m.ndoye1@univ-thies.sn','pass223','ETUDIANT'),(277,'Diatta','Binta','b.diatta@univ-thies.sn','pass224','ETUDIANT'),(278,'Diop','Seydou','s.diop1@univ-thies.sn','pass225','ETUDIANT'),(279,'Tamba','Ibrahima','i.tamba@univ-thies.sn','pass226','ETUDIANT'),(280,'Faye','Awa','a.faye@univ-thies.sn','pass227','ETUDIANT'),(281,'Diop','Mariama','m.diop1@univ-thies.sn','pass228','ETUDIANT'),(282,'Tendeng','Mame','m.tendeng1@univ-thies.sn','pass229','ETUDIANT'),(283,'Ba','Diarra','d.ba@univ-thies.sn','pass230','ETUDIANT'),(284,'Tendeng','Serigne','s.tendeng@univ-thies.sn','pass231','ETUDIANT'),(285,'Mbaye','Ndongo','n.mbaye@univ-thies.sn','pass232','ETUDIANT'),(286,'Mbaye','Mame','m.mbaye@univ-thies.sn','pass233','ETUDIANT'),(287,'Diallo','Seydou','s.diallo1@univ-thies.sn','pass234','ETUDIANT'),(288,'Tamba','Cheikh','c.tamba@univ-thies.sn','pass235','ETUDIANT'),(289,'Ba','Fatoumata','f.ba3@univ-thies.sn','pass236','ETUDIANT'),(290,'Diouf','Tidiane','t.diouf@univ-thies.sn','pass237','ETUDIANT'),(291,'Kouyate','Adja','a.kouyate@univ-thies.sn','pass238','ETUDIANT'),(292,'Fofana','Adja','a.fofana2@univ-thies.sn','pass239','ETUDIANT'),(293,'Gueye','Alioune','a.gueye@univ-thies.sn','pass240','ETUDIANT'),(294,'Thiaw','Samba','s.thiaw@univ-thies.sn','pass241','ETUDIANT'),(295,'Diallo','Dior','d.diallo@univ-thies.sn','pass242','ETUDIANT'),(296,'Ba','Pape','p.ba@univ-thies.sn','pass243','ETUDIANT'),(297,'Diop','Souleymane','s.diop2@univ-thies.sn','pass244','ETUDIANT'),(298,'Ba','Rama','r.ba@univ-thies.sn','pass245','ETUDIANT'),(299,'Ndiaye','Adja','a.ndiaye@univ-thies.sn','pass246','ETUDIANT'),(300,'Sabaly','Assane','a.sabaly1@univ-thies.sn','pass247','ETUDIANT'),(301,'Sy','Bamba','b.sy1@univ-thies.sn','pass248','ETUDIANT'),(302,'Kouyate','Yacine','y.kouyate@univ-thies.sn','pass249','ETUDIANT'),(303,'Sarr','Thierno','t.sarr@univ-thies.sn','pass250','ETUDIANT'),(304,'Diouf','Samba','s.diouf2@univ-thies.sn','pass251','ETUDIANT'),(305,'Diouf','Seynabou','s.diouf3@univ-thies.sn','pass252','ETUDIANT'),(306,'Cisse','Ibrahima','i.cisse@univ-thies.sn','pass253','ETUDIANT'),(307,'Fofana','Fatoumata','f.fofana@univ-thies.sn','pass254','ETUDIANT'),(308,'Sarr','Rama','r.sarr@univ-thies.sn','pass255','ETUDIANT'),(309,'Toure','Awa','a.toure2@univ-thies.sn','pass256','ETUDIANT'),(310,'Mendy','Khady','k.mendy@univ-thies.sn','pass257','ETUDIANT'),(311,'Diallo','Rama','r.diallo@univ-thies.sn','pass258','ETUDIANT'),(312,'Goudiaby','Birame','b.goudiaby2@univ-thies.sn','pass259','ETUDIANT'),(313,'Deme','Fatoumata','f.deme@univ-thies.sn','pass260','ETUDIANT'),(314,'Sy','Ousmane','o.sy@univ-thies.sn','pass261','ETUDIANT'),(315,'Kane','Tidiane','t.kane@univ-thies.sn','pass262','ETUDIANT'),(316,'Ba','Tidiane','t.ba1@univ-thies.sn','pass263','ETUDIANT'),(317,'Bodian','Oumou','o.bodian@univ-thies.sn','pass264','ETUDIANT'),(318,'Kouyate','Coumba','c.kouyate@univ-thies.sn','pass265','ETUDIANT'),(319,'Tendeng','Aissatou','a.tendeng1@univ-thies.sn','pass266','ETUDIANT'),(320,'Traore','Soda','s.traore1@univ-thies.sn','pass267','ETUDIANT'),(321,'Gueye','Dior','d.gueye@univ-thies.sn','pass268','ETUDIANT'),(322,'Sane','Babacar','b.sane@univ-thies.sn','pass269','ETUDIANT'),(323,'Bassene','Adja','a.bassene@univ-thies.sn','pass270','ETUDIANT'),(324,'Diallo','Daouda','d.diallo1@univ-thies.sn','pass271','ETUDIANT'),(325,'Konate','Khady','k.konate@univ-thies.sn','pass272','ETUDIANT'),(326,'Bassene','Tidiane','t.bassene@univ-thies.sn','pass273','ETUDIANT'),(327,'Lo','Bamba','b.lo@univ-thies.sn','pass274','ETUDIANT'),(328,'Sow','Soda','s.sow@univ-thies.sn','pass275','ETUDIANT'),(329,'Diatta','Malick','m.diatta1@univ-thies.sn','pass276','ETUDIANT'),(330,'Bodian','Sokhna','s.bodian1@univ-thies.sn','pass277','ETUDIANT'),(331,'Camara','Gora','g.camara@univ-thies.sn','pass278','ETUDIANT'),(332,'Sambou','Kadiatou','k.sambou@univ-thies.sn','pass279','ETUDIANT'),(333,'Ba','Moussa','m.ba1@univ-thies.sn','pass280','ETUDIANT'),(334,'Cisse','Assane','a.cisse2@univ-thies.sn','pass281','ETUDIANT'),(335,'Sane','Dieynaba','d.sane1@univ-thies.sn','pass282','ETUDIANT'),(336,'Sarr','Pape','p.sarr@univ-thies.sn','pass283','ETUDIANT'),(337,'Diouf','Mariama','m.diouf1@univ-thies.sn','pass284','ETUDIANT'),(338,'Camara','Maimouna','m.camara@univ-thies.sn','pass285','ETUDIANT'),(339,'Tendeng','Soda','s.tendeng1@univ-thies.sn','pass286','ETUDIANT'),(340,'Sabaly','Binta','b.sabaly@univ-thies.sn','pass287','ETUDIANT'),(341,'Ndoye','Lamine','l.ndoye@univ-thies.sn','pass288','ETUDIANT'),(342,'Sane','Serigne','s.sane1@univ-thies.sn','pass289','ETUDIANT'),(343,'Mendy','Maimouna','m.mendy@univ-thies.sn','pass290','ETUDIANT'),(344,'Diop','Seynabou','s.diop3@univ-thies.sn','pass291','ETUDIANT'),(345,'Toure','Bineta','b.toure@univ-thies.sn','pass292','ETUDIANT'),(346,'Diouf','Ramatoulaye','r.diouf@univ-thies.sn','pass293','ETUDIANT'),(347,'Tendeng','Dieynaba','d.tendeng@univ-thies.sn','pass294','ETUDIANT'),(348,'Tamba','Diarra','d.tamba@univ-thies.sn','pass295','ETUDIANT'),(349,'Konate','Rama','r.konate1@univ-thies.sn','pass296','ETUDIANT'),(350,'Mbodj','Assane','a.mbodj2@univ-thies.sn','pass297','ETUDIANT'),(351,'Sane','Binta','b.sane1@univ-thies.sn','pass298','ETUDIANT'),(352,'Tendeng','Babacar','b.tendeng1@univ-thies.sn','pass299','ETUDIANT'),(353,'Diouf','Yaye','y.diouf@univ-thies.sn','pass300','ETUDIANT'),(354,'Ndiaye','Fatou','fatou.ndiaye@univ-thies.sn','gest123','GESTIONNAIRE'),(355,'Sarr','Aminata','aminata.sarr@univ-thies.sn','gest456','GESTIONNAIRE'),(356,'Fall','Ibrahima','ibrahima.fall@univ-thies.sn','ens123','ENSEIGNANT'),(357,'Sow','Mariama','mariama.sow@univ-thies.sn','ens456','ENSEIGNANT'),(358,'Diop','Cheikh','cheikh.diop@univ-thies.sn','ens789','ENSEIGNANT'),(359,'Mbaye','Rokhaya','rokhaya.mbaye@univ-thies.sn','ens321','ENSEIGNANT'),(360,'Gueye','Pape Demba','papedemba.gueye@etu.univ-thies.sn','etu001','ETUDIANT'),(361,'Faye','Ndeye Coumba','ndeye.faye@etu.univ-thies.sn','etu002','ETUDIANT'),(362,'Badji','Ousmane','ousmane.badji@etu.univ-thies.sn','etu003','ETUDIANT'),(363,'Cisse','Aissatou','aissatou.cisse@etu.univ-thies.sn','etu004','ETUDIANT'),(364,'Niang','Babacar','babacar.niang@etu.univ-thies.sn','etu005','ETUDIANT'),(365,'Toure','Mareme','mareme.toure@etu.univ-thies.sn','etu006','ETUDIANT'),(366,'Diouf','Serigne','serigne.diouf@etu.univ-thies.sn','etu007','ETUDIANT'),(367,'Thiaw','Khadija','khadija.thiaw@etu.univ-thies.sn','etu008','ETUDIANT'),(368,'Wade','Abdoulaye','abdoulaye.wade@etu.univ-thies.sn','etu009','ETUDIANT'),(369,'Samb','Sokhna','sokhna.samb@etu.univ-thies.sn','etu010','ETUDIANT');

CREATE TABLE `batiments` (
  `id` int NOT NULL AUTO_INCREMENT,
  `nom` text NOT NULL,
  `localisation` text,
  `nombre_etages` int DEFAULT '1',
  PRIMARY KEY (`id`)
) ENGINE=InnoDB AUTO_INCREMENT=10 DEFAULT CHARSET=utf8mb4 COLLATE=utf8mb4_0900_ai_ci;

INSERT INTO `batiments` VALUES (1,'Batiment Cheikh Anta Diop','Campus principal, Thies',4),(2,'Batiment Leopold Sedar Senghor','Quartier Medina, Thies',3),(3,'Batiment Ahmadou Bamba','Zone nord du campus, Thies',5),(4,'Batiment El Hadj Malick Sy','Entree principale, Thies',2),(5,'Batiment Lat Dior','Aile sud du campus, Thies',3),(6,'Amphi Lat Dior','Campus de Thies',1),(7,'Bloc Pedagogique A','Campus de Thies',3),(8,'Bloc Pedagogique B','Campus de Thies',2),(9,'Batiment Informatique','Campus de Thies',2);

CREATE TABLE `classes_pedago` (
  `id` int NOT NULL AUTO_INCREMENT,
  `nom` varchar(100) NOT NULL,
  `niveau` text,
  `effectif` int DEFAULT '0',
  PRIMARY KEY (`id`)
) ENGINE=InnoDB AUTO_INCREMENT=27 DEFAULT CHARSET=utf8mb4 COLLATE=utf8mb4_0900_ai_ci;

INSERT INTO `classes_pedago` VALUES (1,'INFO-L1','L1',43),(2,'MATH-L1','L1',48),(3,'PHYSIQUE-L1','L1',48),(4,'CHIMIE-L1','L1',29),(5,'INFO-L2','L2',38),(6,'MATH-L2','L2',45),(7,'PHYSIQUE-L2','L2',28),(8,'CHIMIE-L2','L2',40),(9,'INFO-L3','L3',44),(10,'MATH-L3','L3',38),(11,'PHYSIQUE-L3','L3',33),(12,'CHIMIE-L3','L3',26),(13,'INFO-M1','M1',47),(14,'MATH-M1','M1',36),(15,'PHYSIQUE-M1','M1',31),(16,'CHIMIE-M1','M1',39),(17,'INFO-M2','M2',39),(18,'MATH-M2','M2',32),(19,'PHYSIQUE-M2','M2',36),(20,'CHIMIE-M2','M2',28),(21,'L1-INFO-A','L1',45),(22,'L1-INFO-B','L1',42),(23,'L2-INFO-A','L2',38),(24,'L2-INFO-B','L2',35),(25,'L3-INFO-A','L3',30),(26,'L3-INFO-B','L3',28);

CREATE TABLE `salles` (
  `id` int NOT NULL AUTO_INCREMENT,
  `numero` varchar(50) NOT NULL,
  `capacite` int DEFAULT '30',
  `type_salle` varchar(20) DEFAULT 'TD',
  `disponible` tinyint(1) DEFAULT '1',
  `batiment_id` int DEFAULT NULL,
  PRIMARY KEY (`id`),
  KEY `fk_salle_batiment` (`batiment_id`),
  CONSTRAINT `fk_salle_batiment` FOREIGN KEY (`batiment_id`) REFERENCES `batiments` (`id`) ON DELETE SET NULL ON UPDATE CASCADE
) ENGINE=InnoDB AUTO_INCREMENT=40 DEFAULT CHARSET=utf8mb4 COLLATE=utf8mb4_0900_ai_ci;

INSERT INTO `salles` VALUES (1,'A01-AMPHI',210,'AMPHI',1,1),(2,'A01-TD',26,'TD',1,1),(3,'A02-TD',29,'TD',1,1),(4,'A01-TP',36,'TP',1,1),(5,'A02-TP',38,'TP',1,1),(6,'A03-TD',35,'TD',1,1),(7,'A04-TD',28,'TD',1,1),(8,'B01-TD',39,'TD',1,2),(9,'B02-TD',28,'TD',1,2),(10,'B01-TP',36,'TP',1,2),(11,'B02-TP',34,'TP',1,2),(12,'B03-TD',25,'TD',1,2),(13,'B04-TD',48,'TD',1,2),(14,'C01-AMPHI',199,'AMPHI',1,3),(15,'C01-TD',38,'TD',1,3),(16,'C02-TD',45,'TD',1,3),(17,'C03-TD',29,'TD',1,3),(18,'C01-TP',22,'TP',1,3),(19,'C02-TP',35,'TP',1,3),(20,'C04-TD',50,'TD',1,3),(21,'D01-TD',33,'TD',1,4),(22,'D02-TD',35,'TD',1,4),(23,'D01-TP',39,'TP',1,4),(24,'D03-TD',47,'TD',1,4),(25,'E01-AMPHI',207,'AMPHI',1,5),(26,'E01-TD',45,'TD',1,5),(27,'E02-TD',27,'TD',1,5),(28,'E01-TP',30,'TP',1,5),(29,'E02-TP',41,'TP',1,5),(30,'AMPHI-LD',400,'AMPHI',1,6),(31,'BPA-101',40,'TD',1,7),(32,'BPA-102',40,'TD',1,7),(33,'BPA-201',35,'TD',1,7),(34,'BPA-202',35,'TD',1,7),(35,'BPB-101',30,'TD',1,8),(36,'BPB-102',30,'TD',1,8),(37,'INFO-TP1',30,'TP',1,9),(38,'INFO-TP2',25,'TP',1,9),(39,'INFO-LABO',20,'TP',1,9);

CREATE TABLE `matieres` (
  `id` int NOT NULL AUTO_INCREMENT,
  `nom` text NOT NULL,
  `description` text,
  `volume_cm` int DEFAULT '0',
  `volume_td` int DEFAULT '0',
  PRIMARY KEY (`id`)
) ENGINE=InnoDB AUTO_INCREMENT=25 DEFAULT CHARSET=utf8mb4 COLLATE=utf8mb4_0900_ai_ci;

INSERT INTO `matieres` VALUES (1,'Algorithmique et Structures de Donnees','Cours fondamental en algorithmique',45,20),(2,'Programmation Java','POO en Java',30,20),(3,'Bases de Donnees','SQL et modelisation',30,20),(4,'Reseaux Informatiques','TCP/IP et protocoles',30,15),(5,'Systemes d\'Exploitation','Linux et gestion memoire',30,15),(6,'Mathematiques Discretes','Logique et theorie des graphes',45,15),(7,'Analyse Numerique','Methodes numeriques',30,20),(8,'Physique Electronique','Circuits et composants',30,20),(9,'Genie Logiciel','UML et methodes agiles',30,15),(10,'Intelligence Artificielle','Machine learning et IA',30,10),(11,'Securite Informatique','Cryptographie et cybersecurite',25,10),(12,'Programmation Web','HTML/CSS/JS/PHP',25,20),(13,'Telecommunications','Signaux et modulations',30,15),(14,'Architecture des Ordinateurs','CPU et memoire',30,15),(15,'Probabilites et Statistiques','Theorie des probabilites',45,20),(16,'Genie Civil - Beton Arme','Calcul de structures',45,15),(17,'Chimie Organique','Reactions organiques',40,20),(18,'Thermodynamique','Lois de la thermodynamique',40,15),(19,'Anglais Technique','Communication professionnelle',30,0),(20,'Entrepreneuriat','Gestion de projet et startup',20,10),(21,'Base de Donnees','SQL, MySQL, conception BDD',20,15),(22,'Algorithmique','Structures de donnees',25,20),(23,'Systemes d exploitation','Linux, processus, memoire',25,20),(24,'Developpement Web','HTML, CSS, JavaScript',15,25);

CREATE TABLE `creneaux` (
  `id` int NOT NULL AUTO_INCREMENT,
  `jour` text NOT NULL,
  `heure_debut` int NOT NULL,
  `duree` int DEFAULT '2',
  PRIMARY KEY (`id`)
) ENGINE=InnoDB AUTO_INCREMENT=32 DEFAULT CHARSET=utf8mb4 COLLATE=utf8mb4_0900_ai_ci;

INSERT INTO `creneaux` VALUES (1,'LUNDI',8,2),(2,'LUNDI',10,2),(3,'LUNDI',12,2),(4,'LUNDI',14,2),(5,'LUNDI',16,2),(6,'MARDI',8,2),(7,'MARDI',10,2),(8,'MARDI',12,2),(9,'MARDI',14,2),(10,'MARDI',16,2),(11,'MERCREDI',8,2),(12,'MERCREDI',10,2),(13,'MERCREDI',12,2),(14,'MERCREDI',14,2),(15,'MERCREDI',16,2),(16,'JEUDI',8,2),(17,'JEUDI',10,2),(18,'JEUDI',12,2),(19,'JEUDI',14,2),(20,'JEUDI',16,2),(21,'VENDREDI',8,2),(22,'VENDREDI',10,2),(23,'VENDREDI',12,2),(24,'VENDREDI',14,2),(25,'VENDREDI',16,2),(26,'SAMEDI',8,2),(27,'SAMEDI',10,2),(28,'SAMEDI',12,2),(29,'SAMEDI',14,2),(30,'SAMEDI',16,2),(31,'Mercredi',8,3);

CREATE TABLE `etudiants` (
  `id` int NOT NULL,
  `INE` text,
  `niveau` text,
  PRIMARY KEY (`id`),
  CONSTRAINT `fk_etudiant_utilisateur` FOREIGN KEY (`id`) REFERENCES `utilisateurs` (`id`) ON DELETE CASCADE ON UPDATE CASCADE
) ENGINE=InnoDB DEFAULT CHARSET=utf8mb4 COLLATE=utf8mb4_0900_ai_ci;

INSERT INTO `etudiants` VALUES (41,'UTH20240001','L1'),(42,'UTH20240002','L2'),(43,'UTH20240003','L3'),(44,'UTH20240004','M1'),(45,'UTH20240005','M2'),(46,'UTH20240006','L1'),(47,'UTH20240007','L2'),(48,'UTH20240008','L3'),(49,'UTH20240009','M1'),(50,'UTH20240010','M2'),(51,'UTH20240011','L1'),(52,'UTH20240012','L2'),(53,'UTH20240013','L3'),(54,'UTH20240014','M1'),(55,'UTH20240015','M2'),(56,'UTH20240016','L1'),(57,'UTH20240017','L2'),(58,'UTH20240018','L3'),(59,'UTH20240019','M1'),(60,'UTH20240020','M2'),(61,'UTH20240021','L1'),(62,'UTH20240022','L2'),(63,'UTH20240023','L3'),(64,'UTH20240024','M1'),(65,'UTH20240025','M2'),(66,'UTH20240026','L1'),(67,'UTH20240027','L2'),(68,'UTH20240028','L3'),(69,'UTH20240029','M1'),(70,'UTH20240030','M2'),(71,'UTH20240031','L1'),(72,'UTH20240032','L2'),(73,'UTH20240033','L3'),(74,'UTH20240034','M1'),(75,'UTH20240035','M2'),(76,'UTH20240036','L1'),(77,'UTH20240037','L2'),(78,'UTH20240038','L3'),(79,'UTH20240039','M1'),(80,'UTH20240040','M2'),(360,'ETU2024001','L2'),(361,'ETU2024002','L2'),(362,'ETU2024003','L2'),(363,'ETU2024004','L2'),(364,'ETU2024005','L2'),(365,'ETU2024006','L3'),(366,'ETU2024007','L3'),(367,'ETU2024008','L3'),(368,'ETU2024009','L1'),(369,'ETU2024010','L1');

CREATE TABLE `equipements` (
  `id` int NOT NULL AUTO_INCREMENT,
  `nom` varchar(100) NOT NULL,
  `description` text,
  `etat` varchar(20) DEFAULT 'BON',
  `type_equipement` varchar(50) DEFAULT NULL,
  `disponible` tinyint(1) DEFAULT '1',
  `salle_id` int DEFAULT NULL,
  PRIMARY KEY (`id`),
  KEY `fk_equip_salle` (`salle_id`),
  CONSTRAINT `fk_equip_salle` FOREIGN KEY (`salle_id`) REFERENCES `salles` (`id`) ON DELETE SET NULL ON UPDATE CASCADE
) ENGINE=InnoDB AUTO_INCREMENT=81 DEFAULT CHARSET=utf8mb4 COLLATE=utf8mb4_0900_ai_ci;

INSERT INTO `equipements` VALUES (1,'Ordinateur enseignant','PC bureau i5','MOYEN','INFORMATIQUE',1,1),(2,'Climatisation','Unite de climatisation split','BON','CLIMATISATION',0,1),(3,'Systeme audio','Microphone + haut-parleurs','BON','AUDIO',1,1),(4,'Videoprojecteur','Projecteur HD','BON','MULTIMEDIA',1,2),(5,'Tableau interactif','Tableau blanc interactif','BON','MULTIMEDIA',1,2),(6,'Climatisation','Unite de climatisation split','BON','CLIMATISATION',1,2),(7,'Videoprojecteur','Projecteur HD','MOYEN','MULTIMEDIA',1,3),(8,'Systeme audio','Microphone + haut-parleurs','BON','AUDIO',1,3),(9,'Climatisation','Unite de climatisation split','BON','CLIMATISATION',1,4),(10,'Videoprojecteur','Projecteur HD','BON','MULTIMEDIA',1,4),(11,'Ordinateur enseignant','PC bureau i5','BON','INFORMATIQUE',1,4),(12,'Climatisation','Unite de climatisation split','BON','CLIMATISATION',1,5),(13,'Ordinateur enseignant','PC bureau i5','BON','INFORMATIQUE',1,5),(14,'Ordinateur enseignant','PC bureau i5','BON','INFORMATIQUE',1,6),(15,'Tableau interactif','Tableau blanc interactif','BON','MULTIMEDIA',1,6),(16,'Videoprojecteur','Projecteur HD','MAUVAIS','MULTIMEDIA',0,6),(17,'Systeme audio','Microphone + haut-parleurs','MOYEN','AUDIO',1,7),(18,'Tableau interactif','Tableau blanc interactif','MAUVAIS','MULTIMEDIA',0,7),(19,'Tableau interactif','Tableau blanc interactif','MOYEN','MULTIMEDIA',1,8),(20,'Climatisation','Unite de climatisation split','BON','CLIMATISATION',1,9),(21,'Ordinateur enseignant','PC bureau i5','MOYEN','INFORMATIQUE',1,9),(22,'Tableau interactif','Tableau blanc interactif','BON','MULTIMEDIA',1,9),(23,'Systeme audio','Microphone + haut-parleurs','MOYEN','AUDIO',1,10),(24,'Tableau interactif','Tableau blanc interactif','BON','MULTIMEDIA',1,10),(25,'Videoprojecteur','Projecteur HD','MAUVAIS','MULTIMEDIA',0,10),(26,'Ordinateur enseignant','PC bureau i5','MOYEN','INFORMATIQUE',1,11),(27,'Climatisation','Unite de climatisation split','BON','CLIMATISATION',1,11),(28,'Ordinateur enseignant','PC bureau i5','MOYEN','INFORMATIQUE',1,12),(29,'Tableau interactif','Tableau blanc interactif','MOYEN','MULTIMEDIA',1,13),(30,'Climatisation','Unite de climatisation split','BON','CLIMATISATION',1,14),(31,'Systeme audio','Microphone + haut-parleurs','BON','AUDIO',1,14),(32,'Ordinateur enseignant','PC bureau i5','MOYEN','INFORMATIQUE',1,14),(33,'Videoprojecteur','Projecteur HD','MAUVAIS','MULTIMEDIA',0,15),(34,'Systeme audio','Microphone + haut-parleurs','MOYEN','AUDIO',1,15),(35,'Tableau interactif','Tableau blanc interactif','BON','MULTIMEDIA',1,16),(36,'Climatisation','Unite de climatisation split','BON','CLIMATISATION',1,16),(37,'Climatisation','Unite de climatisation split','BON','CLIMATISATION',1,17),(38,'Tableau interactif','Tableau blanc interactif','BON','MULTIMEDIA',1,17),(39,'Systeme audio','Microphone + haut-parleurs','BON','AUDIO',1,17),(40,'Videoprojecteur','Projecteur HD','BON','MULTIMEDIA',1,18),(41,'Climatisation','Unite de climatisation split','BON','CLIMATISATION',1,18),(42,'Climatisation','Unite de climatisation split','BON','CLIMATISATION',1,19),(43,'Ordinateur enseignant','PC bureau i5','BON','INFORMATIQUE',1,19),(44,'Systeme audio','Microphone + haut-parleurs','BON','AUDIO',1,20),(45,'Systeme audio','Microphone + haut-parleurs','BON','AUDIO',1,21),(46,'Climatisation','Unite de climatisation split','MOYEN','CLIMATISATION',1,21),(47,'Videoprojecteur','Projecteur HD','BON','MULTIMEDIA',1,21),(48,'Climatisation','Unite de climatisation split','BON','CLIMATISATION',1,22),(49,'Videoprojecteur','Projecteur HD','BON','MULTIMEDIA',1,22),(50,'Tableau interactif','Tableau blanc interactif','BON','MULTIMEDIA',1,22),(51,'Ordinateur enseignant','PC bureau i5','MOYEN','INFORMATIQUE',1,23),(52,'Climatisation','Unite de climatisation split','BON','CLIMATISATION',1,23),(53,'Videoprojecteur','Projecteur HD','BON','MULTIMEDIA',1,23),(54,'Videoprojecteur','Projecteur HD','BON','MULTIMEDIA',1,24),(55,'Ordinateur enseignant','PC bureau i5','MAUVAIS','INFORMATIQUE',0,24),(56,'Tableau interactif','Tableau blanc interactif','MOYEN','MULTIMEDIA',1,24),(57,'Climatisation','Unite de climatisation split','BON','CLIMATISATION',1,25),(58,'Videoprojecteur','Projecteur HD','MOYEN','MULTIMEDIA',1,25),(59,'Systeme audio','Microphone + haut-parleurs','BON','AUDIO',1,25),(60,'Systeme audio','Microphone + haut-parleurs','BON','AUDIO',1,26),(61,'Climatisation','Unite de climatisation split','BON','CLIMATISATION',1,26),(62,'Ordinateur enseignant','PC bureau i5','MOYEN','INFORMATIQUE',1,26),(63,'Climatisation','Unite de climatisation split','BON','CLIMATISATION',1,27),(64,'Ordinateur enseignant','PC bureau i5','BON','INFORMATIQUE',1,27),(65,'Videoprojecteur','Projecteur HD','BON','MULTIMEDIA',1,27),(66,'Ordinateur enseignant','PC bureau i5','BON','INFORMATIQUE',1,28),(67,'Videoprojecteur','Projecteur HD','BON','MULTIMEDIA',1,28),(68,'Tableau interactif','Tableau blanc interactif','BON','MULTIMEDIA',1,29),(69,'Ordinateur enseignant','PC bureau i5','MAUVAIS','INFORMATIQUE',0,29),(70,'Systeme audio','Microphone + haut-parleurs','MOYEN','AUDIO',1,29),(71,'Videoprojecteur amphi','Epson EB-X51','BON','PROJECTEUR',1,30),(72,'Sono amphi','Systeme Bose','BON','AUDIO',1,30),(73,'Climatisation','Daikin 5000 BTU','BON','CLIM',1,30),(74,'Tableau numerique','SMART Board 6000','BON','TABLEAU',1,31),(75,'Videoprojecteur','BenQ MX550','BON','PROJECTEUR',1,32),(76,'Videoprojecteur','Optoma EH200ST','BON','PROJECTEUR',1,33),(77,'Tableau blanc','Nobo Classic','BON','TABLEAU',1,34),(78,'PC enseignant','Dell Optiplex 7090','BON','ORDINATEUR',1,37),(79,'PC enseignant','HP EliteDesk 800','BON','ORDINATEUR',1,38),(80,'Serveur local','Dell PowerEdge T40','BON','SERVEUR',1,39);

CREATE TABLE `cours` (
  `id` int NOT NULL AUTO_INCREMENT,
  `statut` varchar(20) DEFAULT 'PLANIFIE',
  `date` text,
  `matiere_id` int DEFAULT NULL,
  `enseignant_id` int DEFAULT NULL,
  `classe_id` int DEFAULT NULL,
  `creneau_id` int DEFAULT NULL,
  `salle_id` int DEFAULT NULL,
  PRIMARY KEY (`id`),
  KEY `fk_cours_matiere` (`matiere_id`),
  KEY `fk_cours_enseignant` (`enseignant_id`),
  KEY `fk_cours_classe` (`classe_id`),
  KEY `fk_cours_creneau` (`creneau_id`),
  KEY `fk_cours_salle` (`salle_id`),
  CONSTRAINT `fk_cours_classe` FOREIGN KEY (`classe_id`) REFERENCES `classes_pedago` (`id`) ON DELETE SET NULL ON UPDATE CASCADE,
  CONSTRAINT `fk_cours_creneau` FOREIGN KEY (`creneau_id`) REFERENCES `creneaux` (`id`) ON DELETE SET NULL ON UPDATE CASCADE,
  CONSTRAINT `fk_cours_enseignant` FOREIGN KEY (`enseignant_id`) REFERENCES `utilisateurs` (`id`) ON DELETE SET NULL ON UPDATE CASCADE,
  CONSTRAINT `fk_cours_matiere` FOREIGN KEY (`matiere_id`) REFERENCES `matieres` (`id`) ON DELETE SET NULL ON UPDATE CASCADE,
  CONSTRAINT `fk_cours_salle` FOREIGN KEY (`salle_id`) REFERENCES `salles` (`id`) ON DELETE SET NULL ON UPDATE CASCADE
) ENGINE=InnoDB AUTO_INCREMENT=121 DEFAULT CHARSET=utf8mb4 COLLATE=utf8mb4_0900_ai_ci;

INSERT INTO `cours` VALUES (1,'PLANIFIE','2024-11-11',12,28,12,2,13),(2,'PLANIFIE','2024-09-23',4,38,15,3,22),(3,'PLANIFIE','2024-11-11',20,11,2,26,11),(4,'ANNULE','2024-09-16',19,17,3,27,25),(5,'PLANIFIE','2024-09-23',19,17,8,11,25),(6,'PLANIFIE','2024-11-25',20,11,9,28,5),(7,'PLANIFIE','2024-10-28',9,36,6,4,22),(8,'PLANIFIE','2024-09-16',1,22,8,19,11),(9,'ANNULE','2024-09-16',9,12,5,24,14),(10,'ANNULE','2024-09-09',3,26,15,25,12),(11,'PLANIFIE','2024-11-04',4,25,17,8,20),(12,'PLANIFIE','2024-11-18',17,20,15,21,1),(13,'REALISE','2024-10-21',13,24,4,16,23),(14,'PLANIFIE','2024-09-09',3,21,20,5,3),(15,'PLANIFIE','2024-09-30',20,31,19,18,23),(16,'ANNULE','2024-10-14',20,27,10,15,17),(17,'ANNULE','2024-10-14',4,36,4,28,21),(18,'REALISE','2024-11-18',7,24,15,29,8),(19,'PLANIFIE','2024-10-07',15,23,14,24,4),(20,'REALISE','2024-10-14',11,32,9,12,5),(21,'PLANIFIE','2024-09-09',3,37,3,3,14),(22,'ANNULE','2024-11-18',12,36,5,18,2),(23,'REALISE','2024-10-28',18,21,4,14,12),(24,'PLANIFIE','2024-12-02',2,20,20,10,12),(25,'PLANIFIE','2024-11-04',17,17,5,22,16),(26,'PLANIFIE','2024-12-02',4,22,18,12,4),(27,'ANNULE','2024-11-04',8,36,14,28,18),(28,'PLANIFIE','2024-11-04',18,11,20,30,22),(29,'PLANIFIE','2024-09-02',6,19,10,30,11),(30,'REALISE','2024-09-02',6,38,5,19,22),(31,'ANNULE','2024-09-09',5,34,1,3,24),(32,'PLANIFIE','2024-09-23',13,24,15,11,6),(33,'PLANIFIE','2024-09-30',11,35,19,20,3),(34,'PLANIFIE','2024-09-16',6,35,20,2,22),(35,'REALISE','2024-09-30',15,32,14,16,20),(36,'REALISE','2024-10-14',9,17,17,4,12),(37,'PLANIFIE','2024-09-09',10,32,19,16,17),(38,'PLANIFIE','2024-09-02',8,23,20,2,1),(39,'PLANIFIE','2024-09-30',7,35,5,25,9),(40,'PLANIFIE','2024-10-07',4,11,16,24,14),(41,'PLANIFIE','2024-09-16',13,28,8,17,18),(42,'REALISE','2024-09-09',13,38,2,14,1),(43,'ANNULE','2024-12-09',3,38,11,19,14),(44,'PLANIFIE','2024-10-14',14,20,4,13,1),(45,'PLANIFIE','2024-09-16',20,25,12,3,14),(46,'REALISE','2024-09-23',14,29,13,17,3),(47,'PLANIFIE','2024-12-02',10,34,11,8,11),(48,'PLANIFIE','2024-09-09',17,31,4,17,17),(49,'PLANIFIE','2024-12-09',12,22,5,8,4),(50,'PLANIFIE','2024-09-30',7,16,20,5,25),(51,'REALISE','2024-09-16',16,25,19,25,19),(52,'PLANIFIE','2024-11-11',19,31,20,11,28),(53,'PLANIFIE','2024-09-16',15,13,16,15,21),(54,'PLANIFIE','2024-11-25',9,29,2,12,17),(55,'PLANIFIE','2024-09-30',15,25,2,2,12),(56,'REALISE','2024-09-09',3,30,20,17,13),(57,'ANNULE','2024-11-04',18,36,2,15,26),(58,'PLANIFIE','2024-11-11',7,21,20,16,17),(59,'ANNULE','2024-09-02',15,14,11,23,3),(60,'REALISE','2024-11-11',6,12,8,23,15),(61,'PLANIFIE','2024-10-28',17,30,6,12,12),(62,'PLANIFIE','2024-10-14',14,35,11,22,20),(63,'REALISE','2024-11-25',11,13,11,4,18),(64,'PLANIFIE','2024-09-30',9,34,20,28,5),(65,'PLANIFIE','2024-09-09',19,32,5,30,12),(66,'PLANIFIE','2024-11-11',13,15,20,23,3),(67,'ANNULE','2024-10-28',13,31,11,27,5),(68,'PLANIFIE','2024-09-09',14,27,12,1,12),(69,'PLANIFIE','2024-09-16',7,21,16,7,8),(70,'ANNULE','2024-09-16',3,20,4,17,25),(71,'ANNULE','2024-12-02',17,12,11,29,25),(72,'ANNULE','2024-09-16',20,23,5,6,6),(73,'PLANIFIE','2024-11-25',6,34,15,2,14),(74,'REALISE','2024-11-11',8,25,20,10,25),(75,'REALISE','2024-09-23',18,18,10,26,26),(76,'PLANIFIE','2024-12-09',7,22,19,15,15),(77,'PLANIFIE','2024-11-25',13,27,17,14,6),(78,'REALISE','2024-11-25',20,15,9,2,21),(79,'ANNULE','2024-12-02',12,28,4,23,28),(80,'PLANIFIE','2024-12-02',4,20,3,25,6),(81,'REALISE','2024-10-21',17,15,14,3,8),(82,'REALISE','2024-12-09',12,40,1,14,2),(83,'PLANIFIE','2024-10-28',12,18,13,3,12),(84,'ANNULE','2024-09-02',11,40,4,27,23),(85,'REALISE','2024-11-25',5,15,2,10,27),(86,'PLANIFIE','2024-11-18',5,35,16,15,20),(87,'PLANIFIE','2024-12-09',3,11,9,7,27),(88,'PLANIFIE','2024-10-28',20,27,14,4,25),(89,'ANNULE','2024-09-23',10,14,2,8,14),(90,'PLANIFIE','2024-10-21',3,14,16,20,18),(91,'PLANIFIE','2024-11-11',17,29,8,23,5),(92,'REALISE','2024-10-14',1,30,12,8,19),(93,'ANNULE','2024-09-16',3,27,12,3,17),(94,'REALISE','2024-10-28',17,28,1,13,28),(95,'PLANIFIE','2024-09-02',13,22,9,24,1),(96,'PLANIFIE','2024-11-25',3,22,8,24,22),(97,'PLANIFIE','2024-11-25',19,34,11,5,2),(98,'REALISE','2024-10-28',11,37,6,27,25),(99,'PLANIFIE','2024-11-18',16,31,6,26,5),(100,'PLANIFIE','2024-11-18',15,12,10,7,2),(101,'ANNULE','2024-12-09',2,21,10,17,13),(102,'PLANIFIE','2024-10-21',9,12,7,10,12),(103,'REALISE','2024-12-02',11,19,4,26,12),(104,'PLANIFIE','2024-12-09',13,34,15,29,13),(105,'ANNULE','2024-09-16',16,33,16,12,26),(106,'ANNULE','2024-09-30',3,34,14,3,14),(107,'PLANIFIE','2024-12-02',6,28,10,11,4),(108,'REALISE','2024-10-07',10,20,15,20,23),(109,'PLANIFIE','2024-09-16',15,22,15,2,24),(110,'REALISE','2024-11-04',14,19,2,3,22),(111,'ANNULE','2024-10-07',17,36,6,1,5),(112,'PLANIFIE','2024-11-11',15,12,5,3,8),(113,'REALISE','2024-10-07',13,29,2,20,5),(114,'ANNULE','2024-10-07',12,25,3,19,5),(115,'PLANIFIE','2024-10-07',13,21,9,8,4),(116,'PLANIFIE','2024-11-18',6,26,17,13,18),(117,'PLANIFIE','2024-09-30',9,33,15,7,20),(118,'PLANIFIE','2024-11-18',16,17,4,5,28),(119,'PLANIFIE','2024-10-21',6,39,15,3,26),(120,'PLANIFIE','2024-11-11',12,33,3,18,18);

CREATE TABLE `reservations` (
  `id` int NOT NULL AUTO_INCREMENT,
  `motif` text,
  `statut` varchar(20) DEFAULT 'EN_ATTENTE',
  `date_reservation` text,
  `salle_id` int DEFAULT NULL,
  `utilisateur_id` int DEFAULT NULL,
  `date_fin` text,
  PRIMARY KEY (`id`),
  KEY `fk_res_salle` (`salle_id`),
  KEY `fk_res_user` (`utilisateur_id`),
  CONSTRAINT `fk_res_salle` FOREIGN KEY (`salle_id`) REFERENCES `salles` (`id`) ON DELETE SET NULL ON UPDATE CASCADE,
  CONSTRAINT `fk_res_user` FOREIGN KEY (`utilisateur_id`) REFERENCES `utilisateurs` (`id`) ON DELETE SET NULL ON UPDATE CASCADE
) ENGINE=InnoDB AUTO_INCREMENT=54 DEFAULT CHARSET=utf8mb4 COLLATE=utf8mb4_0900_ai_ci;

INSERT INTO `reservations` VALUES (1,'Examen final','APPROUVEE','2024-11-18',23,331,NULL),(2,'Conference invite','APPROUVEE','2024-10-28',8,67,NULL),(3,'Examen partiel','APPROUVEE','2024-09-23',26,257,NULL),(4,'Soutenance de these','APPROUVEE','2024-10-28',19,193,NULL),(5,'Soutenance de stage','EN_ATTENTE','2024-09-16',20,49,NULL),(6,'Reunion pedagogique','APPROUVEE','2024-10-14',23,250,NULL),(7,'Reunion du conseil','REFUSEE','2024-11-25',14,299,NULL),(8,'Reunion pedagogique','APPROUVEE','2024-10-07',21,42,NULL),(9,'Soutenance de stage','REFUSEE','2024-11-11',17,181,NULL),(10,'Conference invite','EN_ATTENTE','2024-11-11',19,98,NULL),(11,'Conference invite','REFUSEE','2024-10-28',28,33,NULL),(12,'Reunion pedagogique','EN_ATTENTE','2024-09-16',10,89,NULL),(13,'Conference invite','APPROUVEE','2024-12-09',23,120,NULL),(14,'Seance de rattrapage','VALIDEE','2024-12-09',10,45,NULL),(15,'Examen final','APPROUVEE','2024-11-11',18,145,NULL),(16,'Conference invite','APPROUVEE','2024-11-04',18,52,NULL),(17,'Reunion du conseil','APPROUVEE','2024-11-04',19,83,NULL),(18,'Conference invite','EN_ATTENTE','2024-11-18',29,314,NULL),(19,'Seance de rattrapage','EN_ATTENTE','2024-09-02',27,19,NULL),(20,'Reunion pedagogique','EN_ATTENTE','2024-11-11',25,300,NULL),(21,'Examen final','APPROUVEE','2024-11-25',19,218,NULL),(22,'Formation des enseignants','EN_ATTENTE','2024-10-21',29,326,NULL),(23,'Reunion du conseil','APPROUVEE','2024-11-11',10,252,NULL),(24,'Examen partiel','REFUSEE','2024-09-30',15,42,NULL),(25,'Soutenance de these','APPROUVEE','2024-10-21',14,252,NULL),(26,'Soutenance de stage','APPROUVEE','2024-10-07',20,78,NULL),(27,'Seance de rattrapage','APPROUVEE','2024-11-18',28,181,NULL),(28,'Atelier de recherche','APPROUVEE','2024-11-25',12,268,NULL),(29,'Reunion du conseil','EN_ATTENTE','2024-10-07',8,243,NULL),(30,'Reunion pedagogique','APPROUVEE','2024-10-21',8,77,NULL),(31,'Reunion pedagogique','EN_ATTENTE','2024-09-30',13,320,NULL),(32,'Atelier de recherche','APPROUVEE','2024-12-02',29,86,NULL),(33,'Seance de rattrapage','EN_ATTENTE','2024-11-18',11,102,NULL),(34,'Conference invite','REFUSEE','2024-10-28',15,260,NULL),(35,'Examen final','REFUSEE','2024-09-02',3,206,NULL),(36,'Reunion du conseil','REFUSEE','2024-09-23',7,303,NULL),(37,'Seance de rattrapage','EN_ATTENTE','2024-09-02',10,258,NULL),(38,'Formation des enseignants','REFUSEE','2024-09-30',18,9,NULL),(39,'Reunion pedagogique','REFUSEE','2024-09-16',29,140,NULL),(40,'Seance de rattrapage','REFUSEE','2024-10-07',2,210,NULL),(41,'Soutenance de these','EN_ATTENTE','2024-10-28',7,190,NULL),(42,'Reunion du conseil','APPROUVEE','2024-09-09',13,263,NULL),(43,'Soutenance de stage','EN_ATTENTE','2024-09-30',27,324,NULL),(44,'Formation des enseignants','EN_ATTENTE','2024-09-16',4,206,NULL),(45,'Seance de rattrapage','APPROUVEE','2024-10-28',12,78,NULL),(46,'Examen partiel','EN_ATTENTE','2024-10-28',13,261,NULL),(47,'Soutenance de these','EN_ATTENTE','2024-09-02',5,175,NULL),(48,'Soutenance de stage','EN_ATTENTE','2024-10-21',5,315,NULL),(49,'Reunion du conseil','APPROUVEE','2024-10-07',20,168,NULL),(50,'Conference invite','REFUSEE','2024-11-04',24,158,NULL),(51,'soutenance','VALIDEE','2026-03-19T08:00',23,25,NULL),(52,'reunion','VALIDEE','2026-03-20T16:00',3,25,'2026-03-20T17:00');

CREATE TABLE `signalements` (
  `id` int NOT NULL AUTO_INCREMENT,
  `titre` varchar(200) NOT NULL,
  `description` text,
  `categorie` varchar(30) DEFAULT 'AUTRE',
  `priorite` varchar(20) DEFAULT 'NORMALE',
  `statut` varchar(20) DEFAULT 'EN_ATTENTE',
  `date_signalement` text,
  `date_resolution` text,
  `commentaire_admin` text,
  `enseignant_id` int DEFAULT NULL,
  `salle_id` int DEFAULT NULL,
  PRIMARY KEY (`id`),
  KEY `enseignant_id` (`enseignant_id`),
  KEY `salle_id` (`salle_id`),
  CONSTRAINT `signalements_ibfk_1` FOREIGN KEY (`enseignant_id`) REFERENCES `utilisateurs` (`id`),
  CONSTRAINT `signalements_ibfk_2` FOREIGN KEY (`salle_id`) REFERENCES `salles` (`id`)
) ENGINE=InnoDB AUTO_INCREMENT=4 DEFAULT CHARSET=utf8mb4;

INSERT INTO `signalements` VALUES (1,'Videoprojecteur','mauvaise','EQUIPEMENT','URGENTE','RESOLU','2026-03-19T16:57:02','2026-03-20T22:15:57','',25,1),(2,'gkgkg','mauvais','SALLE','URGENTE','RESOLU','2026-03-19T17:00:52','2026-03-20T21:39:10','je vais faire le maximum',25,2),(3,'probleme de videoprojecteur','','EQUIPEMENT','BASSE','EN_ATTENTE','2026-03-21T00:22:01',NULL,NULL,25,4);

CREATE TABLE `notifications` (
  `id` int NOT NULL AUTO_INCREMENT,
  `message` text NOT NULL,
  `date_envoi` text,
  `lu` tinyint(1) DEFAULT '0',
  `type` varchar(20) DEFAULT 'INFO',
  `utilisateur_id` int DEFAULT NULL,
  PRIMARY KEY (`id`),
  KEY `fk_notif_user` (`utilisateur_id`),
  CONSTRAINT `fk_notif_user` FOREIGN KEY (`utilisateur_id`) REFERENCES `utilisateurs` (`id`) ON DELETE SET NULL ON UPDATE CASCADE
) ENGINE=InnoDB AUTO_INCREMENT=441 DEFAULT CHARSET=utf8mb4 COLLATE=utf8mb4_0900_ai_ci;

INSERT INTO `notifications` VALUES (1,'Mise a jour emploi du temps','2024-10-07',1,'ALERTE',158),(2,'Salle indisponible','2024-12-02',0,'RAPPEL',174),(3,'Changement de salle pour votre cours','2024-10-14',1,'INFO',310),(4,'Salle indisponible','2024-09-30',0,'INFO',303),(5,'Salle indisponible','2024-09-16',1,'ALERTE',129),(6,'Votre reservation a ete approuvee','2024-11-04',0,'ALERTE',14),(7,'Salle indisponible','2024-10-07',1,'ALERTE',216),(8,'Conflit detecte dans emploi du temps','2024-10-14',1,'INFO',75),(9,'Fin de reservation dans 15 minutes','2024-09-23',1,'INFO',274),(10,'Le cours a ete annule','2024-10-07',0,'INFO',277),(82,'Votre reservation salle D01-TP a ete validee.','2026-03-19T15:31:11',1,'INFO',25),(427,'Votre reservation salle A02-TD a ete validee.','2026-03-20T16:09:43',1,'INFO',25),(428,'Rappel : votre reservation de la salle A02-TD se termine dans 15 minutes.','2026-03-20T16:44:07',1,'RAPPEL',25),(429,'Votre signalement gkgkg a ete mis a jour : Resolu','2026-03-20T21:39:10',1,'INFO',25),(430,'Votre signalement Videoprojecteur a ete mis a jour : Resolu','2026-03-20T22:15:57',1,'INFO',25),(440,'Votre reservation salle B01-TP a ete validee.','2026-03-21T18:52:38',0,'INFO',45);

SET FOREIGN_KEY_CHECKS=1;
